Date,Event Name,Venue,Location
2025-11-26,Hania Rani @ Barbican Centre,Barbican Centre,"London, UK"
2025-11-21,Hiromi @ Barbican Centre,Barbican Centre,"London, UK"
2025-11-20,Falle Nioke @ The Lexington,The Lexington,"London, UK"
2025-11-15,Morchella @ The Waiting Room,The Waiting Room,"Stoke Newington, UK"
2025-11-08,Pia Fraus @ Strongroom Bar,Strongroom Bar,"London, UK"
2025-11-01,Public Service Broadcasting @ Barbican Centre,Barbican Centre,"London, UK"
2025-10-02,The Beta Band @ Roundhouse,Roundhouse,"London, UK"
2025-09-06,"Sigur Rós @ Großer Saal, Wiener Konzerthaus","Großer Saal, Wiener Konzerthaus","Vienna, Austria"
2025-07-30,Oasis @ Wembley Stadium,Wembley Stadium,"London, UK"
2025-07-12,Kaleidoscope Festival 2025 @ Alexandra Palace,Alexandra Palace,"London, UK"
2025-06-28,Jeff Mills @ Barbican Centre,Barbican Centre,"London, UK"
2025-06-22,LCD Soundsystem @ O2 Academy Brixton,O2 Academy Brixton,"Brixton, UK"
2025-05-29,"Bug Teeth @ The Windmill, Brixton","The Windmill, Brixton","Brixton, UK"
2025-05-23,Wide Awake Festival 2025 @ Brockwell Park,Brockwell Park,"London, UK"
2025-04-10,Slowdive @ O2 Academy Brixton,O2 Academy Brixton,"Brixton, UK"
2025-03-26,Spiritualized @ Barbican Hall,Barbican Hall,"London, UK"
2025-03-13,Kelly Lee Owens @ Troxy,Troxy,"London, UK"
2024-12-06,Confidence Man @ O2 Academy Brixton,O2 Academy Brixton,"Brixton, UK"
2024-11-20,deary @ The Lexington,The Lexington,"London, UK"
2024-11-08,Nia Archives @ O2 Academy Brixton,O2 Academy Brixton,"Brixton, UK"
2024-10-24,GoGo Penguin @ Outernet,Outernet,"London, UK"
2024-10-05,Efterklang @ Barbican Hall,Barbican Hall,"London, UK"
2024-10-04,Slowdive @ EartH,EartH,"London, UK"
2024-09-29,The Go! Team @ The Button Factory,The Button Factory,"Dublin, Ireland"
2024-09-27,Godspeed You! Black Emperor @ National Stadium,National Stadium,"Dublin, Ireland"
2024-06-24,Rodrigo y Gabriela @ KOKO,KOKO,"London, UK"
2024-05-25,Wide Awake Festival 2024 @ Wide Awake Festival,Wide Awake Festival,"London, UK"
2024-04-11,Altın Gün @ Troxy,Troxy,"London, UK"
2024-04-06,Anoushka Shankar @ Barbican Centre,Barbican Centre,"London, UK"
2024-04-05,Max Cooper @ Barbican Centre,Barbican Centre,"London, UK"
2024-02-17,Róisín Murphy @ Alexandra Palace,Alexandra Palace,"London, UK"
2024-02-15,Issey Cross @ The Carpet Shop UK,The Carpet Shop UK,"London, UK"
2024-01-19,Fabio & Grooverider And The Outlook Orchestra @ Eventim Apollo,Eventim Apollo,"London, UK"
2024-01-10,Rick Simpson @ Ronnie Scott's Jazz Club,Ronnie Scott's Jazz Club,"London, UK"
2023-12-06,mclusky @ Dingwalls,Dingwalls,"London, UK"
2023-11-18,Jessie Ware @ Alexandra Palace,Alexandra Palace,"London, UK"
2023-11-11,"Dignan Porch @ The Windmill, Brixton","The Windmill, Brixton","Brixton, UK"
2023-10-21,Hot Chip @ Drumsheds,Drumsheds,"London, UK"
2023-09-09,Lalalar @ Jazz Cafe,Jazz Cafe,"London, UK"
2023-09-08,Jeff Mills @ Barbican Centre,Barbican Centre,"London, UK"
2023-07-20,Standon Calling 2023 @ Standon Lordship,Standon Lordship,"Standon, UK"
2023-07-06,Bruce Springsteen @ Hyde Park,Hyde Park,"London, UK"
2023-07-01,Pulp @ Finsbury Park,Finsbury Park,"London, UK"
2023-06-30,Guns N' Roses @ Hyde Park,Hyde Park,"London, UK"
2023-05-23,Four Tet @ Alexandra Palace,Alexandra Palace,"London, UK"
2023-04-08,De La Soul @ Royal Albert Hall,Royal Albert Hall,"London, UK"
2023-03-17,The Fallen Sky @ Strongroom Bar,Strongroom Bar,"London, UK"
2023-03-09,Young Fathers @ Roundhouse,Roundhouse,"London, UK"
2022-11-25,Julia Holter @ Barbican Centre,Barbican Centre,"London, UK"
2022-11-19,"Secret Shine @ The Victoria, Dalston","The Victoria, Dalston","London, UK"
2022-11-11,Sigur Rós @ O2 Academy Brixton,O2 Academy Brixton,"Brixton, UK"
2022-11-03,Michael Rother @ Clapham Grand,Clapham Grand,"London, UK"
2022-10-12,Double Helix (UK) @ The Lower Third,The Lower Third,"London, UK"
2022-08-11,Bloodywood @ Boston Music Room,Boston Music Room,"London, UK"
2022-07-22,Standon Calling 2022 @ Standon Lordship,Standon Lordship,"Standon, UK"
2022-05-26,Bob Vylan @ The Underworld,The Underworld,"Camden, UK"
2022-05-11,Nick Mason @ Fairfield Halls,Fairfield Halls,"Croydon, UK"
2022-04-29,Ride @ Roundhouse,Roundhouse,"London, UK"
2022-04-17,Groove Armada @ O2 Academy Brixton,O2 Academy Brixton,"Brixton, UK"
2022-04-09,Simple Minds @ First Direct Bank Arena,First Direct Bank Arena,"Leeds, UK"
2022-03-17,Imarhan @ The Dome,The Dome,"London, UK"
2022-02-26,Ulrich Schnauss @ Queen Elizabeth Hall - Southbank Centre,Queen Elizabeth Hall - Southbank Centre,"London, UK"
2022-02-10,GoGo Penguin @ Barbican Centre,Barbican Centre,"London, UK"
2022-02-05,Chameleons @ Islington Assembly Hall,Islington Assembly Hall,"Islington, UK"
2021-12-16,Little Simz @ O2 Academy Brixton,O2 Academy Brixton,"Brixton, UK"
2021-12-15,Bossk @ The Garage,The Garage,"London, UK"
2021-11-26,Georgia @ Electric Brixton,Electric Brixton,"London, UK"
2021-11-23,Jon Hopkins @ Royal Albert Hall,Royal Albert Hall,"London, UK"
2021-11-19,The Jesus and Mary Chain @ Roundhouse,Roundhouse,"London, UK"
2021-11-15,Mogwai @ Pryzm,Pryzm,"Kingston Upon Thames, UK"
2021-11-13,Moses Boyd @ Hackney Church,Hackney Church,"London, UK"
2021-11-01,Matthew Halsall @ Barbican Centre,Barbican Centre,"London, UK"
2021-09-18,Hospitality Weekend In The Woods 2021 @ Beckenham Place Park,Beckenham Place Park,"London, UK"
2021-09-18,Global Communication @ Jazz Cafe,Jazz Cafe,"London, UK"
2021-09-14,Samuel Jack @ Omeara,Omeara,"London, UK"
2021-09-11,Bicep @ O2 Academy Brixton,O2 Academy Brixton,"Brixton, UK"
2021-09-05,Cross The Tracks 2021 @ Brockwell Park,Brockwell Park,"London, UK"
2021-09-03,Wide Awake Festival 2021 @ Brockwell Park,Brockwell Park,"London, UK"
2021-07-22,Standon Calling 2021 @ Standon Lordship,Standon Lordship,"Standon, UK"
2021-07-03,Two Tribes @ MOTH Club,MOTH Club,"London, UK"
2021-06-15,Thom Yorke @ Eventim Apollo,Eventim Apollo,"London, UK"
2021-05-28,Black Midi @ Hackney Church,Hackney Church,"London, UK"
2020-12-08,Teeth of the Sea @ Clapham Grand,Clapham Grand,"London, UK"
2020-11-16,James Holden @ Jazz Cafe,Jazz Cafe,"London, UK"
2020-10-15,Föllakzoid @ Electrowerkz,Electrowerkz,"London, UK"
2020-08-08,Bicep @ O2 Academy Brixton,O2 Academy Brixton,"Brixton, UK"
2020-07-23,Standon Calling 2020 @ Standon Lordship,Standon Lordship,"Standon, UK"
2020-06-05,Wide Awake Festival 2020 @ Brockwell Park,Brockwell Park,"London, UK"
2020-05-29,High Contrast @ O2 Forum Kentish Town,O2 Forum Kentish Town,"London, UK"
2020-03-18,Jon Hopkins @ Royal Albert Hall,Royal Albert Hall,"London, UK"
2020-03-10,…And You Will Know Us by the Trail of Dead @ The Dome,The Dome,"London, UK"
2020-02-29,Efterklang @ Barbican Centre,Barbican Centre,"London, UK"
2020-02-28,The Flowers of Hell @ St Pancras Old Church,St Pancras Old Church,"London, UK"
2020-02-05,Algiers @ Village Underground,Village Underground,"London, UK"
2020-01-18,Goldie @ O2 Academy Brixton,O2 Academy Brixton,"Brixton, UK"
2019-12-09,Ride @ Barbican Hall,Barbican Hall,"London, UK"
2019-11-28,Badly Drawn Boy @ 24th Floor of The Shard,24th Floor of The Shard,"London, UK"
2019-11-26,The Spirit Of Talk Talk @ Royal Festival Hall,Royal Festival Hall,"London, UK"
2019-11-01,Congo Natty @ Brixton Jamm,Brixton Jamm,"Brixton, UK"
2019-10-26,Hot Chip @ Alexandra Palace,Alexandra Palace,"London, UK"
2019-10-17,Winterfylleth @ The Lounge (Archway),The Lounge (Archway),"London, UK"
2019-09-10,Jonny Greenwood @ Royal Albert Hall,Royal Albert Hall,"London, UK"
2019-09-05,Teeth of the Sea @ Oslo,Oslo,"London, UK"
2019-08-01,"The Flowers of Hell @ The Victoria, Dalston","The Victoria, Dalston","London, UK"
2019-06-11,Bikini Kill @ O2 Academy Brixton,O2 Academy Brixton,"Brixton, UK"
2019-05-09,The Great Escape / Alternative Escape 2019 @ The Great Escape / Alternative Escape 2019,The Great Escape / Alternative Escape 2019,"Brighton, UK"
2019-04-27,Apparat @ Barbican Centre,Barbican Centre,"London, UK"
2019-04-23,Ride @ MOTH Club,MOTH Club,"London, UK"
2019-04-10,TVAM @ Electrowerkz,Electrowerkz,"London, UK"
2019-04-04,IDLES @ Electric Ballroom,Electric Ballroom,"London, UK"
2019-02-09,Lindstrøm @ EartH,EartH,"London, UK"
2019-02-02,Alabama 3 @ Brixton Jamm,Brixton Jamm,"Brixton, UK"
2019-01-18,Our Girl @ The Lexington,The Lexington,"London, UK"
2018-12-03,Ride @ EartH,EartH,"London, UK"
2018-11-29,The Orielles @ Heaven,Heaven,"London, UK"
2018-11-20,The Holydrug Couple @ The Lexington,The Lexington,"London, UK"
2018-11-12,GoGo Penguin @ Royal Albert Hall,Royal Albert Hall,"London, UK"
2018-11-02,Haiku Salut @ London,London,"London, UK"
2018-10-25,Our Girl @ The Garage,The Garage,"London, UK"
2018-10-20,Mew @ Barbican Centre,Barbican Centre,"London, UK"
2018-09-25,Transforma @ Barbican Centre,Barbican Centre,"London, UK"
2018-09-07,Desert Mountain Tribe @ Thousand Island,Thousand Island,"London, UK"
2018-07-26,Camp Bestival 2018 @ Lulworth Castle,Lulworth Castle,"East Lulworth, UK"
2018-07-14,Walthamstow Garden Party 2018 @ Lloyd Park,Lloyd Park,"Walthamstow, UK"
2018-07-14,Godspeed You! Black Emperor @ Barbican Centre,Barbican Centre,"London, UK"
2018-07-07,British Summer Time Festival 2018 @ Hyde Park,Hyde Park,"London, UK"
2018-06-23,My Bloody Valentine @ Royal Festival Hall,Royal Festival Hall,"London, UK"
2018-06-22,MONO @ Queen Elizabeth Hall - Southbank Centre,Queen Elizabeth Hall - Southbank Centre,"London, UK"
2018-06-22,Jónsi @ Queen Elizabeth Hall - Southbank Centre,Queen Elizabeth Hall - Southbank Centre,"London, UK"
2018-06-20,Flight of the Conchords @ The O2,The O2,"London, UK"
2018-06-15,Crystal Palace Festival 2018 @ Crystal Palace,Crystal Palace,"London, UK"
2018-06-08,Thom Yorke @ Roundhouse,Roundhouse,"London, UK"
2018-05-17,The Great Escape 2018 @ The Great Escape 2018,The Great Escape 2018,"Brighton, UK"
2018-05-14,Ólafur Arnalds @ Royal Albert Hall,Royal Albert Hall,"London, UK"
2018-05-11,Sounds and Visions: A weekend curated by Max Richter and Yulia Mahr 2018 @ Barbican Centre,Barbican Centre,"London, UK"
2018-05-10,Pinkshinyultrablast @ The Dome,The Dome,"London, UK"
2018-04-21,Electric Child House @ The Lexington,The Lexington,"London, UK"
2018-04-07,Kyle Dixon & Michael Stein @ Barbican Centre,Barbican Centre,"London, UK"
2018-03-08,Paul Draper @ Electric Brixton,Electric Brixton,"London, UK"
2018-02-23,Nils Frahm @ Barbican Centre,Barbican Centre,"London, UK"
2018-02-16,Ride @ ULU Live at Student Central,ULU Live at Student Central,"London, UK"
2017-12-15,Mogwai @ O2 Academy Brixton,O2 Academy Brixton,"Brixton, UK"
2017-12-09,Fujiya & Miyagi @ Hoxton Square Bar & Kitchen,Hoxton Square Bar & Kitchen,"London, UK"
2017-11-11,Angèle David-Guillou @ Union Chapel,Union Chapel,"Islington, UK"
2017-11-09,Wyldest @ The Waiting Room,The Waiting Room,"Stoke Newington, UK"
2017-10-28,Pantha du Prince @ Rich Mix,Rich Mix,"London, UK"
2017-10-11,GoGo Penguin @ Barbican Centre,Barbican Centre,"London, UK"
2017-09-27,The National @ Eventim Apollo,Eventim Apollo,"London, UK"
2017-09-21,Sigur Rós @ Eventim Apollo,Eventim Apollo,"London, UK"
2017-09-15,Paul Draper @ Gorilla,Gorilla,"Manchester, UK"
2017-08-05,Visions 2017 @ Visions Festival,Visions Festival,"London, UK"
2017-07-27,Standon Calling 2017 @ Standon Calling 2017,Standon Calling 2017,"Standon, UK"
2017-07-19,Ghost Suns @ The Lexington,The Lexington,"London, UK"
2017-07-06,Mavis Staples @ Union Chapel,Union Chapel,"Islington, UK"
2017-06-12,Ride @ Village Underground,Village Underground,"London, UK"
2017-06-07,Algiers @ The Shacklewell Arms,The Shacklewell Arms,"London, UK"
2017-06-03,Field Day 2017 @ Victoria Park,Victoria Park,"London, UK"
2017-05-17,Post War Glamour Girls @ The Waiting Room,The Waiting Room,"Stoke Newington, UK"
2017-04-28,"Factory Floor @ The Science Museum, IMAX Theatre","The Science Museum, IMAX Theatre","London, UK"
2017-04-08,Soulwax @ Electric Brixton,Electric Brixton,"London, UK"
2017-04-01,Run The Jewels @ Roundhouse,Roundhouse,"London, UK"
2017-03-29,Slowdive @ The Garage,The Garage,"London, UK"
2017-03-24,Seun Kuti @ O2 Forum Kentish Town,O2 Forum Kentish Town,"London, UK"
2017-03-09,Efterklang @ Barbican Centre,Barbican Centre,"London, UK"
2017-03-04,Josefin Öhrn + The Liberation @ MOTH Club,MOTH Club,"London, UK"
2017-02-28,Tycho @ Electric Brixton,Electric Brixton,"London, UK"
2017-01-28,The Fall @ O2 Forum Kentish Town,O2 Forum Kentish Town,"London, UK"
2017-01-14,Plaid @ Archspace,Archspace,"London, UK"
2016-10-27,Neil Cowley @ Union Chapel,Union Chapel,"Islington, UK"
2016-10-14,Holy Fuck @ The Haunt,The Haunt,"Brighton, UK"
2016-09-29,Michael Rother @ Under The Bridge (at Chelsea Football Club),Under The Bridge (at Chelsea Football Club),"London, UK"
2016-09-24,Hospitality In The Park 2016 @ Finsbury Park,Finsbury Park,"London, UK"
2016-09-15,Mogwai @ Barbican Centre,Barbican Centre,"London, UK"
2016-09-08,Ride @ Concorde 2,Concorde 2,"Brighton, UK"
2016-08-25,Factory Floor @ Institute of Contemporary Arts (ICA),Institute of Contemporary Arts (ICA),"London, UK"
2016-08-06,Visions 2016 @ Visions 2016,Visions 2016,"London, UK"
2016-07-29,Standon Calling 2016 @ Standon Lordship,Standon Lordship,"Standon, UK"
2016-07-17,Citadel 2016 @ Victoria Park,Victoria Park,"London, UK"
2016-07-01,British Summer Time Festival 2016 @ Hyde Park,Hyde Park,"London, UK"
2016-06-28,Beck @ O2 Academy Brixton,O2 Academy Brixton,"Brixton, UK"
2016-06-11,Baptiste Trotignon @ Sunset/Sunside,Sunset/Sunside,"Paris, France"
2016-06-05,Bruce Springsteen @ Wembley Stadium,Wembley Stadium,"London, UK"
2016-06-01,Radiohead @ Théâtres Romains de Fourvière,Théâtres Romains de Fourvière,"Lyon, France"
2016-05-23,FEWS @ Rough Trade East London,Rough Trade East London,"London, UK"
2016-05-21,Songhoy Blues @ Roundhouse,Roundhouse,"London, UK"
2016-05-18,Postiljonen @ The Shacklewell Arms,The Shacklewell Arms,"London, UK"
2016-05-12,Metz @ Hackney Church,Hackney Church,"London, UK"
2016-05-04,HÆLOS @ The Bussey Building,The Bussey Building,"London, UK"
2016-05-03,Mark Lanegan @ Union Chapel,Union Chapel,"Islington, UK"
2016-03-18,Ludovico Einaudi @ Eventim Apollo,Eventim Apollo,"London, UK"
2016-02-23,Richard Hawley @ Eventim Apollo,Eventim Apollo,"London, UK"
2016-02-13,Teeth of the Sea @ Electrowerkz,Electrowerkz,"London, UK"
2016-01-28,Cancer Bats @ The Dome,The Dome,"London, UK"
2016-01-18,Chali 2na @ Jazz Cafe,Jazz Cafe,"London, UK"
2015-12-19,Therapy? @ Electric Ballroom,Electric Ballroom,"London, UK"
2015-11-26,Simple Minds @ The O2,The O2,"London, UK"
2015-11-15,Polar Bear @ Electric Brixton,Electric Brixton,"London, UK"
2015-11-14,Kamasi Washington @ Barbican Centre,Barbican Centre,"London, UK"
2015-11-13,Hidden Orchestra @ Hackney Church,Hackney Church,"London, UK"
2015-11-09,Algiers @ The Lexington,The Lexington,"London, UK"
2015-10-28,Battles @ Electric Ballroom,Electric Ballroom,"London, UK"
2015-10-24,Squarepusher @ Troxy,Troxy,"London, UK"
2015-10-19,Girls Names @ The 100 Club,The 100 Club,"London, UK"
2015-10-14,Ride @ O2 Academy Brixton,O2 Academy Brixton,"Brixton, UK"
2015-10-02,Public Image Ltd (PiL) @ O2 Shepherd's Bush Empire,O2 Shepherd's Bush Empire,"London, UK"
2015-09-30,"No Joy @ The Victoria, Dalston","The Victoria, Dalston","London, UK"
2015-09-26,Ugly Kid Joe @ The Underworld,The Underworld,"Camden, UK"
2015-09-04,End of the Road Festival 2015 @ Larmer Tree Gardens,Larmer Tree Gardens,"Salisbury, UK"
2015-08-30,TV On The Radio @ Roundhouse,Roundhouse,"London, UK"
2015-07-31,Standon Calling 2015 @ Standon Lordship,Standon Lordship,"Standon, UK"
2015-07-23,Goldie @ Royal Festival Hall,Royal Festival Hall,"London, UK"
2015-06-24,Fleetwood Mac @ The O2,The O2,"London, UK"
2015-06-20,British Summer Time Festival 2015 @ Hyde Park,Hyde Park,"London, UK"
2015-06-18,British Summer Time Festival 2015 @ Hyde Park,Hyde Park,"London, UK"
2015-06-12,GoGo Penguin @ KOKO,KOKO,"London, UK"
2015-06-11,Blanck Mass @ ATP Pop Up Venue (formerly Ground Floor of Total Refreshment Centre),ATP Pop Up Venue (formerly Ground Floor of Total Refreshment Centre),"London, UK"
2015-06-05,Föllakzoid @ ATP Pop Up Venue (formerly Ground Floor of Total Refreshment Centre),ATP Pop Up Venue (formerly Ground Floor of Total Refreshment Centre),"London, UK"
2015-05-28,Young Fathers @ KOKO,KOKO,"London, UK"
2015-05-24,Ride @ Roundhouse,Roundhouse,"London, UK"
2015-04-24,Jon Hopkins @ O2 Academy Brixton,O2 Academy Brixton,"Brixton, UK"
2015-04-20,Godspeed You! Black Emperor @ O2 Shepherd's Bush Empire,O2 Shepherd's Bush Empire,"London, UK"
2015-04-10,Courtney Barnett @ Electric Ballroom,Electric Ballroom,"London, UK"
2015-04-03,Wolf Alice @ O2 Shepherd's Bush Empire,O2 Shepherd's Bush Empire,"London, UK"
2015-03-27,GoGo Penguin @ Union Chapel,Union Chapel,"Islington, UK"
2015-03-13,Corrosion of Conformity @ Electric Ballroom,Electric Ballroom,"London, UK"
2015-03-06,Postiljonen @ The Lexington,The Lexington,"London, UK"
2015-03-05,Tune-Yards @ Royal Festival Hall,Royal Festival Hall,"London, UK"
2015-02-27,Evan Dando @ Union Chapel,Union Chapel,"Islington, UK"
2015-01-31,Roni Size @ KOKO,KOKO,"London, UK"
2015-01-24,Matthew Halsall @ Kings Place,Kings Place,"London, UK"
2015-01-16,Too Many T's @ Tooting Tram & Social,Tooting Tram & Social,"London, UK"
2014-12-19,Slowdive @ O2 Forum Kentish Town,O2 Forum Kentish Town,"London, UK"
2014-12-09,Behemoth @ O2 Forum Kentish Town,O2 Forum Kentish Town,"London, UK"
2014-11-26,The National @ The O2,The O2,"London, UK"
2014-11-19,White Lung @ Camden Assembly,Camden Assembly,"Camden, UK"
2014-11-17,…And You Will Know Us by the Trail of Dead @ Dingwalls,Dingwalls,"London, UK"
2014-10-29,Sons of Kemet @ XOYO,XOYO,"London, UK"
2014-10-18,ECLECTIC VOICES @ Union Chapel,Union Chapel,"Islington, UK"
2014-10-17,Hidden Orchestra @ Union Chapel,Union Chapel,"Islington, UK"
2014-10-03,Neil Cowley @ Barbican Centre,Barbican Centre,"London, UK"
2014-09-19,Kate Bush @ Eventim Apollo,Eventim Apollo,"London, UK"
2014-08-29,End of the Road Festival 2014 @ Larmer Tree Gardens,Larmer Tree Gardens,"Salisbury, UK"
2014-08-16,Public Service Broadcasting @ Tooting Tram & Social,Tooting Tram & Social,"London, UK"
2014-08-13,Slint @ Electric Brixton,Electric Brixton,"London, UK"
2014-08-02,Visions 2014 @ Visions 2014,Visions 2014,"London, UK"
2014-07-29,Mogwai @ KOKO,KOKO,"London, UK"
2014-07-26,Walthamstow Garden Party 2014 @ Walthamstow Garden Party 2014,Walthamstow Garden Party 2014,"London, UK"
2014-07-22,TEEN @ The Lexington,The Lexington,"London, UK"
2014-07-12,British Summer Time Festival 2014 @ Hyde Park,Hyde Park,"London, UK"
2014-07-04,British Summer Time Festival 2014 @ Hyde Park,Hyde Park,"London, UK"
2014-07-03,British Summer Time Festival 2014 @ Hyde Park,Hyde Park,"London, UK"
2014-06-27,Affairs @ Tooting Tram & Social,Tooting Tram & Social,"London, UK"
2014-06-20,CC14 (Camden Crawl) 2014 @ CC14 (Camden Crawl) 2014,CC14 (Camden Crawl) 2014,"London, UK"
2014-06-06,Fujiya & Miyagi @ The Haunt,The Haunt,"Brighton, UK"
2014-06-03,Wooden Shjips @ Electric Ballroom,Electric Ballroom,"London, UK"
2014-05-27,Swans @ Electric Brixton,Electric Brixton,"London, UK"
2014-05-22,Neutral Milk Hotel @ Roundhouse,Roundhouse,"London, UK"
2014-05-19,Slowdive @ Village Underground,Village Underground,"London, UK"
2014-05-18,Jonny Greenwood @ Barbican Centre,Barbican Centre,"London, UK"
2014-05-10,Beyond the Redshift 2014 @ Beyond the Redshift 2014,Beyond the Redshift 2014,"London, UK"
2014-04-25,Her Name Is Calla @ St Pancras Old Church,St Pancras Old Church,"London, UK"
2014-04-17,These New Puritans @ Barbican Centre,Barbican Centre,"London, UK"
2014-04-09,Therapy? @ Scala,Scala,"London, UK"
2014-03-29,The Cure @ Royal Albert Hall,Royal Albert Hall,"London, UK"
2014-03-21,Younghusband @ Tooting Tram & Social,Tooting Tram & Social,"London, UK"
2014-02-26,Eminem @ DHL Stadium,DHL Stadium,"Cape Town, South Africa"
2014-02-14,Sonar 2014 @ Münchenbryggeriet,Münchenbryggeriet,"Stockholm, Sweden"
2014-02-12,Moderat @ KOKO,KOKO,"London, UK"
2014-01-22,Akil the MC @ Jazz Cafe,Jazz Cafe,"London, UK"
2013-12-03,Michael Rother @ Netil House,Netil House,"London, UK"
2013-11-26,Run The Jewels @ Electric Brixton,Electric Brixton,"London, UK"
2013-11-21,Godspeed You! Black Emperor @ O2 Academy Brixton,O2 Academy Brixton,"Brixton, UK"
2013-11-08,Steve Mason @ The Cockpit,The Cockpit,"Leeds, UK"
2013-11-07,Trentemøller @ O2 Forum Kentish Town,O2 Forum Kentish Town,"London, UK"
2013-11-01,Portico @ Village Underground,Village Underground,"London, UK"
2013-10-29,Efterklang @ Heaven,Heaven,"London, UK"
2013-10-26,Quest Ensemble @ Union Chapel,Union Chapel,"Islington, UK"
2013-10-24,Neil Halstead @ Cecil Sharp House,Cecil Sharp House,"London, UK"
2013-10-19,The Orb @ O2 Forum Kentish Town,O2 Forum Kentish Town,"London, UK"
2013-10-09,Charles Bradley @ KOKO,KOKO,"London, UK"
2013-10-07,Esben and the Witch @ The Lexington,The Lexington,"London, UK"
2013-09-30,The Oscillation @ The Lexington,The Lexington,"London, UK"
2013-09-27,Pixies @ Electric Brixton,Electric Brixton,"London, UK"
2013-09-21,Tori Tori Bird @ Union Chapel,Union Chapel,"Islington, UK"
2013-09-20,AK/DK @ Tooting Tram & Social,Tooting Tram & Social,"London, UK"
2013-09-17,Fuck Buttons @ Electric Ballroom,Electric Ballroom,"London, UK"
2013-09-15,Disco Loco 2013 @ Springfield Park,Springfield Park,"London, UK"
2013-09-06,Fuzzy Lights @ St Pancras Old Church,St Pancras Old Church,"London, UK"
2013-08-30,End of the Road Festival 2013 @ Larmer Tree Gardens,Larmer Tree Gardens,"Salisbury, UK"
2013-08-10,Visions 2013 @ Oval Space,Oval Space,"London, UK"
2013-08-02,Standon Calling 2013 @ Standon Lordship,Standon Lordship,"Standon, UK"
2013-07-27,Open East Festival 2013 @ Queen Elizabeth Olympic Park,Queen Elizabeth Olympic Park,"London, UK"
2013-07-26,Mogwai @ Barbican Centre,Barbican Centre,"London, UK"
2013-07-20,Lambeth Country Show 2013 @ Brockwell Park,Brockwell Park,"London, UK"
2013-07-19,The Wytches @ Tooting Tram & Social,Tooting Tram & Social,"London, UK"
2013-07-17,Japandroids @ Dingwalls,Dingwalls,"London, UK"
2013-07-12,Ray Davies @ Hyde Park,Hyde Park,"London, UK"
2013-06-29,LTJ Bukem @ O2 Forum Kentish Town,O2 Forum Kentish Town,"London, UK"
2013-06-27,GOAT @ Electric Ballroom,Electric Ballroom,"London, UK"
2013-06-26,The National @ Roundhouse,Roundhouse,"London, UK"
2013-06-21,Exit Calm @ Tooting Tram & Social,Tooting Tram & Social,"London, UK"
2013-06-18,Melt Yourself Down @ Electrowerkz,Electrowerkz,"London, UK"
2013-06-08,The Stone Roses @ Finsbury Park,Finsbury Park,"London, UK"
2013-05-22,Deap Vally @ Scala,Scala,"London, UK"
2013-05-08,De La Soul @ O2 Forum Kentish Town,O2 Forum Kentish Town,"London, UK"
2013-05-02,Death Grips @ O2 Forum Kentish Town,O2 Forum Kentish Town,"London, UK"
2013-04-24,Metallica @ DHL Stadium,DHL Stadium,"Cape Town, South Africa"
2013-04-05,Cape Town International Jazz Festival 2013 @ Cape Town International Jazz Festival 2013,Cape Town International Jazz Festival 2013,"Cape Town, South Africa"
2013-03-10,Jeremy Loops @ Kirstenbosch Botanical Gardens,Kirstenbosch Botanical Gardens,"Cape Town, South Africa"
2013-02-17,"Sipho ""Hotstix"" Mabuse @ Kirstenbosch Botanical Gardens",Kirstenbosch Botanical Gardens,"Cape Town, South Africa"
2013-02-09,Rodriguez @ Grand Arena at GrandWest,Grand Arena at GrandWest,"Cape Town, South Africa"
2013-01-20,Jimmy Dludlu @ Kirstenbosch Botanical Gardens,Kirstenbosch Botanical Gardens,"Cape Town, South Africa"
2012-12-31,Hugh Masekela @ Kirstenbosch Botanical Gardens,Kirstenbosch Botanical Gardens,"Cape Town, South Africa"
2012-12-02,Mango Groove @ Kirstenbosch Botanical Gardens,Kirstenbosch Botanical Gardens,"Cape Town, South Africa"
2012-11-05,Godspeed You! Black Emperor @ O2 Forum Kentish Town,O2 Forum Kentish Town,"London, UK"
2012-11-02,Jack White @ Alexandra Palace,Alexandra Palace,"London, UK"
2012-10-24,Zombie Zombie @ The Lexington,The Lexington,"London, UK"
2012-10-19,Blanck Mass @ XOYO,XOYO,"London, UK"
2012-10-15,Tamaryn @ The Lexington,The Lexington,"London, UK"
2012-10-10,Turbowolf @ The Garage,The Garage,"London, UK"
2012-10-04,Ultrasound @ Scala,Scala,"London, UK"
2012-09-17,A Place To Bury Strangers @ Dingwalls,Dingwalls,"London, UK"
2012-09-06,Bestival 2012 @ Robin Hill Country Park,Robin Hill Country Park,"Arreton, UK"
2012-08-03,Standon Calling 2012 @ Standon Lordship,Standon Lordship,"Standon, UK"
2012-06-30,The Stone Roses @ Heaton Park,Heaton Park,"Manchester, UK"
2012-06-18,Niki & The Dove @ Camden Assembly,Camden Assembly,"Camden, UK"
2012-06-14,Terry Reid @ Jazz Cafe,Jazz Cafe,"London, UK"
2012-06-07,EPMD @ Jazz Cafe,Jazz Cafe,"London, UK"
2012-06-03,Apple Cart Festival 2012 @ Victoria Park,Victoria Park,"London, UK"
2012-05-03,Tinariwen @ O2 Shepherd's Bush Empire,O2 Shepherd's Bush Empire,"London, UK"
2012-05-02,New Order @ O2 Academy Brixton,O2 Academy Brixton,"Brixton, UK"
2012-04-21,Leftfield @ O2 Academy Brixton,O2 Academy Brixton,"Brixton, UK"
2012-04-12,Ultrasound @ Hoxton Square Bar & Kitchen,Hoxton Square Bar & Kitchen,"London, UK"
2012-03-08,School of Seven Bells @ The Garage,The Garage,"London, UK"
2012-02-29,Atari Teenage Riot @ The Garage,The Garage,"London, UK"
2012-02-24,Rodrigo y Gabriela @ O2 Academy Brixton,O2 Academy Brixton,"Brixton, UK"
2012-02-16,M83 @ O2 Shepherd's Bush Empire,O2 Shepherd's Bush Empire,"London, UK"
2011-12-17,Soulwaxmas 2011 @ Soulwaxmas 2011,Soulwaxmas 2011,"London, UK"
2011-12-05,Spank Rock @ Scala,Scala,"London, UK"
2011-12-02,Alabama 3 @ O2 Forum Kentish Town,O2 Forum Kentish Town,"London, UK"
2011-11-22,The Besnard Lakes @ Scala,Scala,"London, UK"
2011-11-05,Jeremy Loops @ Zula Sound Bar,Zula Sound Bar,"Cape Town, South Africa"
2011-11-02,The Early Years @ City Arts & Music Project (CAMP),City Arts & Music Project (CAMP),"London, UK"
2011-10-26,Tinariwen @ KOKO,KOKO,"London, UK"
2011-10-24,Bon Iver @ Eventim Apollo,Eventim Apollo,"London, UK"
2011-10-13,Kyla La Grange @ Hoxton Square Bar & Kitchen,Hoxton Square Bar & Kitchen,"London, UK"
2011-09-25,Emeralds @ Union Chapel,Union Chapel,"Islington, UK"
2011-09-08,Bestival 2011 @ Bestival 2011,Bestival 2011,"Isle Of Wight, UK"
2011-08-11,Standon Calling 2011 @ Standon Lordship,Standon Lordship,"Standon, UK"
2011-07-25,Apparat @ Scala,Scala,"London, UK"
2011-07-22,Roy Ayers @ Jazz Cafe,Jazz Cafe,"London, UK"
2011-07-16,Lamb @ Somerset House,Somerset House,"London, UK"
2011-07-13,The Horrors @ The 100 Club,The 100 Club,"London, UK"
2011-07-10,Aloe Blacc @ Somerset House,Somerset House,"London, UK"
2011-07-09,Rhythms Of The World 2011 @ Rhythms Of The World 2011,Rhythms Of The World 2011,"Hitchin, UK"
2011-06-21,120 Days @ Madame JoJo's,Madame JoJo's,"London, UK"
2011-06-18,London Feis 2011 @ London Feis 2011,London Feis 2011,"London, UK"
2011-06-07,…And You Will Know Us by the Trail of Dead @ The Garage,The Garage,"London, UK"
2011-05-26,Mulatu Astatke @ Jazz Cafe,Jazz Cafe,"London, UK"
2011-05-17,Spectrum @ The Lexington,The Lexington,"London, UK"
2011-05-11,The Soft Moon @ The Lexington,The Lexington,"London, UK"
2011-05-04,Brandt Brauer Frick @ Bush Hall,Bush Hall,"London, UK"
2011-04-21,Fuck Buttons @ O2 Forum Kentish Town,O2 Forum Kentish Town,"London, UK"
2011-04-14,Her Name Is Calla @ Rhythm Factory,Rhythm Factory,"London, UK"
2011-04-11,José González @ Barbican Centre,Barbican Centre,"London, UK"
2011-04-05,Delphic @ KOKO,KOKO,"London, UK"
2011-04-02,Gary Numan @ Troxy,Troxy,"London, UK"
2011-03-16,Chali 2na @ Jazz Cafe,Jazz Cafe,"London, UK"
2011-03-06,Cut Copy @ O2 Forum Kentish Town,O2 Forum Kentish Town,"London, UK"
2011-03-02,M.O.P. @ Jazz Cafe,Jazz Cafe,"London, UK"
2011-02-19,Crystal Castles @ O2 Academy Brixton,O2 Academy Brixton,"Brixton, UK"
2011-02-05,The Lost Chord @ The Wheelbarrow,The Wheelbarrow,"London, UK"
2011-02-03,Peter Bjorn and John @ The Old Blue Last,The Old Blue Last,"London, UK"
2011-02-02,Gang of Four @ Heaven,Heaven,"London, UK"
2010-12-13,Godspeed You! Black Emperor @ Troxy,Troxy,"London, UK"
2010-12-01,Fujiya & Miyagi @ Institute of Contemporary Arts (ICA),Institute of Contemporary Arts (ICA),"London, UK"
2010-11-27,Primal Scream @ Grand Hall Olympia,Grand Hall Olympia,"London, UK"
2010-11-15,Holy Fuck @ Electric Ballroom,Electric Ballroom,"London, UK"
2010-10-06,"O. Children @ Elgar Room, Royal Albert Hall","Elgar Room, Royal Albert Hall","London, UK"
2010-09-10,Booka Shade @ O2 Forum Kentish Town,O2 Forum Kentish Town,"London, UK"
2010-08-27,LED Festival 2010 @ LED Festival 2010,LED Festival 2010,"London, UK"
2010-08-25,Klaxons @ Heaven,Heaven,"London, UK"
2010-07-24,Sundae On The Common 2010 @ Sundae On The Common 2010,Sundae On The Common 2010,"London, UK"
2010-07-24,The 1-2-3-4 Shoreditch Festival 2010 @ The 1-2-3-4 Shoreditch Festival 2010,The 1-2-3-4 Shoreditch Festival 2010,"London, UK"
2010-07-19,The Futureheads @ Roundhouse,Roundhouse,"London, UK"
2010-07-17,Underworld @ Roundhouse,Roundhouse,"London, UK"
2010-07-10,World City Music Village 2010 @ World City Music Village 2010,World City Music Village 2010,"London, UK"
2010-07-02,Wireless Festival 2010 @ Wireless Festival 2010,Wireless Festival 2010,"London, UK"
2010-06-15,Cypress Hill @ O2 Academy Brixton,O2 Academy Brixton,"Brixton, UK"
2010-06-10,The Sugarhill Gang @ The Garage,The Garage,"London, UK"
2010-06-06,Rage Against The Machine @ Finsbury Park,Finsbury Park,"London, UK"
2010-05-27,Jónsi @ O2 Forum Kentish Town,O2 Forum Kentish Town,"London, UK"
2010-05-20,Noisettes @ O2 Forum Kentish Town,O2 Forum Kentish Town,"London, UK"
2010-05-14,Alabama 3 @ O2 Forum Kentish Town,O2 Forum Kentish Town,"London, UK"
2010-03-20,The Cuban Brothers @ KOKO,KOKO,"London, UK"
2010-03-18,Chapterhouse @ Scala,Scala,"London, UK"
2010-03-04,Errors @ Scala,Scala,"London, UK"
2010-01-29,Faze Action @ Horatia,Horatia,"London, UK"
2010-01-20,Memory Tapes @ The Luminaire,The Luminaire,"London, UK"
2010-01-19,DMC @ Jazz Cafe,Jazz Cafe,"London, UK"
2009-12-17,Pete and The Pirates @ The Luminaire,The Luminaire,"London, UK"
2009-12-05,Fever Ray @ O2 Forum Kentish Town,O2 Forum Kentish Town,"London, UK"
2009-10-28,Los Campesinos! @ The Garage,The Garage,"London, UK"
2009-10-13,Spiritualized @ Royal Festival Hall,Royal Festival Hall,"London, UK"
2009-09-11,Bestival 2009 @ Bestival 2009,Bestival 2009,"Newport, UK"
2009-08-24,Gang of Four @ The Macbeth,The Macbeth,"London, UK"
2009-08-19,The Juan Maclean @ Cargo,Cargo,"London, UK"
2009-07-15,Filthy Dukes @ The Tabernacle,The Tabernacle,"London, UK"
2009-07-09,Mann Friday @ O2 Shepherd's Bush Empire,O2 Shepherd's Bush Empire,"London, UK"
2009-06-24,Glastonbury Festival 2009 @ Worthy Farm,Worthy Farm,"Pilton, UK"
2009-06-12,2manydjs (DJ Set) @ O2 Academy Brixton,O2 Academy Brixton,"Brixton, UK"
2009-04-30,Little Boots @ KOKO,KOKO,"London, UK"
2009-04-26,Bob Dylan @ Roundhouse,Roundhouse,"London, UK"
2009-04-24,The Prodigy @ O2 Academy Brixton,O2 Academy Brixton,"Brixton, UK"
2009-02-27,Spectrum @ The Dome,The Dome,"London, UK"
2009-02-26,The Cure @ The O2,The O2,"London, UK"
2009-02-21,Glasvegas @ O2 Academy Brixton,O2 Academy Brixton,"Brixton, UK"
2009-02-12,Buraka Som Sistema @ Scala,Scala,"London, UK"
2009-02-04,12 Dirty Bullets @ Madame JoJo's,Madame JoJo's,"London, UK"
2008-12-12,Friendly Fires @ KOKO,KOKO,"London, UK"
2008-11-20,Sigur Rós @ Alexandra Palace,Alexandra Palace,"London, UK"
2008-11-15,The Presets @ Coronet Theatre,Coronet Theatre,"London, UK"
2008-11-11,Cut Copy @ KOKO,KOKO,"London, UK"
2008-10-30,The Presets @ Electric Ballroom,Electric Ballroom,"London, UK"
2008-10-23,The Mighty Boosh @ O2 Academy Brixton,O2 Academy Brixton,"Brixton, UK"
2008-10-11,Grooverider @ KOKO,KOKO,"London, UK"
2008-10-02,Gotye @ Bush Hall,Bush Hall,"London, UK"
2008-09-24,Fujiya & Miyagi @ Bush Hall,Bush Hall,"London, UK"
2008-09-15,Metallica @ The O2,The O2,"London, UK"
2008-09-13,Clark @ Cargo,Cargo,"London, UK"
2008-09-05,Bestival 2008 @ Bestival 2008,Bestival 2008,"Newport, UK"
2008-08-31,Moby @ Wembley Stadium,Wembley Stadium,"London, UK"
2008-07-18,The Music @ KOKO,KOKO,"London, UK"
2008-07-16,The Brian Jonestown Massacre @ O2 Forum Kentish Town,O2 Forum Kentish Town,"London, UK"
2008-07-14,Death Cab for Cutie @ KOKO,KOKO,"London, UK"
2008-07-13,Rise Festival 2008 @ Finsbury Park,Finsbury Park,"London, UK"
2008-06-24,Radiohead @ Victoria Park,Victoria Park,"London, UK"
2008-06-23,My Bloody Valentine @ Roundhouse,Roundhouse,"London, UK"
2008-05-29,"Does It Offend You, Yeah? @ Scala",Scala,"London, UK"
2008-05-23,Public Enemy @ O2 Academy Brixton,O2 Academy Brixton,"Brixton, UK"
2008-05-17,Pendulum @ O2 Academy Brixton,O2 Academy Brixton,"Brixton, UK"
2008-04-23,The Kills @ KOKO,KOKO,"London, UK"
2008-04-18,Camden Crawl 2008 @ Camden Crawl 2008,Camden Crawl 2008,"London, UK"
2008-04-07,Midnight Juggernauts @ The End and The AKA Bar,The End and The AKA Bar,"London, UK"
2008-03-12,The Jesus and Mary Chain @ Roundhouse,Roundhouse,"London, UK"
2008-02-18,Hadouken! @ KOKO,KOKO,"London, UK"
2007-12-13,The Verve @ The O2,The O2,"London, UK"
2007-11-30,Ian Brown @ O2 Academy Brixton,O2 Academy Brixton,"Brixton, UK"
2007-11-10,The Whip @ Astoria 2,Astoria 2,"London, UK"
2007-11-07,!!! (Chk Chk Chk) @ KOKO,KOKO,"London, UK"
2007-10-20,José González @ Concorde 2,Concorde 2,"Brighton, UK"
2007-10-18,Underworld @ Roundhouse,Roundhouse,"London, UK"
2007-10-09,The Go! Team @ Astoria,Astoria,"London, UK"
2007-10-02,The Dandy Warhols @ Electric Ballroom,Electric Ballroom,"London, UK"
2007-09-07,Bestival 2007 @ Bestival 2007,Bestival 2007,"Newport, UK"
2007-08-25,Prince @ The O2,The O2,"London, UK"
2007-08-21,Findlay Brown @ Proud Camden,Proud Camden,"Camden, UK"
2007-08-11,Field Day 2007 @ Field Day 2007,Field Day 2007,"London, UK"
2007-06-20,Glastonbury Festival 2007 @ Worthy Farm,Worthy Farm,"Pilton, UK"
2007-06-14,Wireless Festival 2007 @ Wireless Festival 2007,Wireless Festival 2007,"London, UK"
2007-05-31,Chemical Brothers @ Roundhouse,Roundhouse,"London, UK"
2007-05-20,65daysofstatic @ KOKO,KOKO,"London, UK"
2007-04-19,Camden Crawl 2007 @ Camden Crawl 2007,Camden Crawl 2007,"London, UK"
2007-04-05,Digitalism @ Fabric,Fabric,"London, UK"
2007-03-25,Supergrass @ O2 Forum Kentish Town,O2 Forum Kentish Town,"London, UK"
2007-03-16,Air @ O2 Forum Kentish Town,O2 Forum Kentish Town,"London, UK"
2007-03-15,Arcade Fire @ O2 Academy Brixton,O2 Academy Brixton,"Brixton, UK"
2007-03-10,The Killers @ Arena Berlin,Arena Berlin,"Berlin, Germany"
2007-02-22,Klaxons @ Hammersmith Palais,Hammersmith Palais,"London, UK"
2007-02-20,…And You Will Know Us by the Trail of Dead @ KOKO,KOKO,"London, UK"
2007-02-07,Massive Attack @ O2 Academy Brixton,O2 Academy Brixton,"Brixton, UK"
2006-12-08,The Charlatans @ O2 Academy Brixton,O2 Academy Brixton,"Brixton, UK"
2006-12-01,Primal Scream @ O2 Academy Brixton,O2 Academy Brixton,"Brixton, UK"
2006-11-26,The Brian Jonestown Massacre @ Astoria,Astoria,"London, UK"
2006-11-08,Aim @ KOKO,KOKO,"London, UK"
2006-10-28,Zero 7 @ O2 Academy Brixton,O2 Academy Brixton,"Brixton, UK"
2006-09-30,Jurassic 5 @ O2 Academy Brixton,O2 Academy Brixton,"Brixton, UK"
2006-09-12,Love Is All @ King's College London Students' Union (KCLSU),King's College London Students' Union (KCLSU),"London, UK"
2006-08-04,Texas @ Newmarket Racecourses,Newmarket Racecourses,"Newmarket, UK"
2006-06-19,Toots & The Maytals @ Cambridge Junction,Cambridge Junction,"Cambridge, UK"
2006-04-04,Mogwai @ Cambridge Junction,Cambridge Junction,"Cambridge, UK"
2006-01-25,Richard Ashcroft @ Electric Ballroom,Electric Ballroom,"London, UK"
2005-12-12,Supergrass @ O2 Academy Brixton,O2 Academy Brixton,"Brixton, UK"
2005-12-02,Feeder @ Brighton Centre,Brighton Centre,"Brighton, UK"
2005-11-09,Sigur Rós @ O2 Academy Brixton,O2 Academy Brixton,"Brixton, UK"
2005-11-04,The Bluetones @ The Cockpit,The Cockpit,"Leeds, UK"
2005-11-02,Hard-Fi @ Cambridge Junction,Cambridge Junction,"Cambridge, UK"
2005-10-24,The Subways @ Cambridge Junction,Cambridge Junction,"Cambridge, UK"
2005-10-22,Four Tet @ Soul Tree,Soul Tree,"Cambridge, UK"
2005-10-18,Black Rebel Motorcycle Club @ Cambridge Junction,Cambridge Junction,"Cambridge, UK"
2005-10-13,Brendan Benson @ Cambridge Junction,Cambridge Junction,"Cambridge, UK"
2005-10-12,The Magic Numbers @ Cambridge Junction,Cambridge Junction,"Cambridge, UK"
2005-10-05,Editors @ Cambridge Junction,Cambridge Junction,"Cambridge, UK"
2005-09-01,Pixies @ Alexandra Palace,Alexandra Palace,"London, UK"
2005-08-08,Goldfrapp @ Cambridge Junction,Cambridge Junction,"Cambridge, UK"
2005-07-28,Cambridge Folk Festival 2005 @ Cambridge Folk Festival 2005,Cambridge Folk Festival 2005,"Cambridge, UK"
2005-07-15,Mann Friday @ The Marquee,The Marquee,"London, UK"
2005-07-08,Desmond Dekker @ Parkers Piece,Parkers Piece,"Cambridge, UK"
2005-06-24,Glastonbury Festival 2005 @ Worthy Farm,Worthy Farm,"Pilton, UK"
2005-06-19,…And You Will Know Us by the Trail of Dead @ Cambridge Junction,Cambridge Junction,"Cambridge, UK"
2005-06-04,Strawberry Fair Festival 2005 @ Strawberry Fair Festival 2005,Strawberry Fair Festival 2005,"Cambridge, UK"
2005-05-29,Embrace @ Millennium Square,Millennium Square,"Leeds, UK"
2005-05-06,Soulwax @ Fabric,Fabric,"London, UK"
2005-03-23,Alabama 3 @ Cambridge Junction,Cambridge Junction,"Cambridge, UK"
2005-03-12,Doves @ Corn Exchange,Corn Exchange,"Cambridge, UK"
2004-12-18,The Killers @ Enmore Theatre,Enmore Theatre,"Newtown, Australia"
2004-12-15,Cypress Hill @ Australian National University,Australian National University,"Canberra, Australia"
2004-12-04,Homebake Festival 2004 @ Homebake Festival 2004,Homebake Festival 2004,"Sydney, Australia"
2004-12-03,PJ Harvey @ Hordern Pavilion,Hordern Pavilion,"Moore Park, Australia"
2004-11-02,Groove Armada @ The Brisbane Arena,The Brisbane Arena,"Brisbane, Australia"
2004-09-12,Lamb @ O2 Shepherd's Bush Empire,O2 Shepherd's Bush Empire,"London, UK"
2004-08-27,Leeds Festival 2004 @ Bramham Park,Bramham Park,"Leeds, UK"
2004-08-17,Horrorpops @ The Cockpit,The Cockpit,"Leeds, UK"
2004-07-10,T In The Park 2004 @ Balado Airfield,Balado Airfield,"Kinross, UK"
2004-06-25,Glastonbury Festival 2004 @ Worthy Farm,Worthy Farm,"Pilton, UK"
2004-06-15,"Ash @ The Refectory, Leeds University","The Refectory, Leeds University","Leeds, UK"
2004-06-11,"Jet @ The Refectory, Leeds University","The Refectory, Leeds University","Leeds, UK"
2004-06-09,The Charlatans @ The Dome,The Dome,"Doncaster, UK"
2004-05-13,Supergrass @ Octagon Centre,Octagon Centre,"Sheffield, UK"
2004-05-01,"The Beta Band @ Leeds Metropolitan University, Student Union","Leeds Metropolitan University, Student Union","Leeds, UK"
2004-04-16,The Duke Spirit @ The Cockpit,The Cockpit,"Leeds, UK"
2004-04-11,Scissor Sisters @ Blank Canvas,Blank Canvas,"Leeds, UK"
2004-03-27,The Complete Stone Roses @ The Cockpit,The Cockpit,"Leeds, UK"
2004-03-13,The Stands @ The Cockpit,The Cockpit,"Leeds, UK"
2004-03-06,Yo La Tengo @ West Yorkshire Playhouse,West Yorkshire Playhouse,"Leeds, UK"
2004-02-27,Stellastarr @ The Cockpit,The Cockpit,"Leeds, UK"
2004-02-20,Chikinki @ The Cockpit,The Cockpit,"Leeds, UK"
2004-02-15,Scissor Sisters @ The Cockpit,The Cockpit,"Leeds, UK"
2004-02-02,"Funeral for a Friend @ The Refectory, Leeds University","The Refectory, Leeds University","Leeds, UK"
2004-01-22,"Spiritualized @ Leeds Metropolitan University, Student Union","Leeds Metropolitan University, Student Union","Leeds, UK"
2003-12-08,Alabama 3 @ The Cockpit,The Cockpit,"Leeds, UK"
2003-11-13,Stellastarr @ The Cockpit,The Cockpit,"Leeds, UK"
2003-10-18,The Warlocks @ The Cockpit,The Cockpit,"Leeds, UK"
2003-06-29,The Rolling Stones @ Estadi Olímpic Lluís Companys,Estadi Olímpic Lluís Companys,"Barcelona, Spain"
2003-05-15,Dirty Three @ Brudenell Social Club,Brudenell Social Club,"Leeds, UK"
2003-05-08,"Electric Six @ Leeds Metropolitan University, Student Union","Leeds Metropolitan University, Student Union","Leeds, UK"
2003-05-07,The Raveonettes @ The Cockpit,The Cockpit,"Leeds, UK"
2003-03-06,"Jurassic 5 @ The Refectory, Leeds University","The Refectory, Leeds University","Leeds, UK"
2003-02-20,"Lamb @ Leeds Metropolitan University, Student Union","Leeds Metropolitan University, Student Union","Leeds, UK"
2003-01-31,John Squire @ Leeds University Stylus,Leeds University Stylus,"Leeds, UK"
2002-12-04,Black Rebel Motorcycle Club @ Blank Canvas,Blank Canvas,"Leeds, UK"
2002-11-23,Richard Ashcroft @ Leeds University Stylus,Leeds University Stylus,"Leeds, UK"
2002-11-16,3 Colours Red @ The Cockpit,The Cockpit,"Leeds, UK"
2002-11-10,Girls Against Boys @ The Cockpit,The Cockpit,"Leeds, UK"
2002-10-22,"The Complete Stone Roses @ Leeds Metropolitan University, Student Union","Leeds Metropolitan University, Student Union","Leeds, UK"
2002-04-26,Lando @ The Cockpit,The Cockpit,"Leeds, UK"
2002-03-11,"Groove Armada @ The Refectory, Leeds University","The Refectory, Leeds University","Leeds, UK"
2001-12-08,"Faithless @ The Refectory, Leeds University","The Refectory, Leeds University","Leeds, UK"
2001-12-05,Roots Manuva @ Leeds University Stylus,Leeds University Stylus,"Leeds, UK"
2001-11-04,"Mogwai @ Leeds Metropolitan University, Student Union","Leeds Metropolitan University, Student Union","Leeds, UK"
2001-10-28,"My Vitriol @ Leeds Metropolitan University, Student Union","Leeds Metropolitan University, Student Union","Leeds, UK"
2001-10-12,"The Charlatans @ The Refectory, Leeds University","The Refectory, Leeds University","Leeds, UK"
2001-10-07,"Super Furry Animals @ The Refectory, Leeds University","The Refectory, Leeds University","Leeds, UK"
2001-07-28,Global Gathering 2001 @ Global Gathering 2001,Global Gathering 2001,"Stratford-upon-avon, UK"
2001-07-25,Vex Red @ Roadmender Northampton,Roadmender Northampton,"Northampton, UK"
2001-07-14,Essential Festival 2001 @ Essential Festival 2001,Essential Festival 2001,"London, UK"
2001-06-04,Regular Fries @ Roadmender Northampton,Roadmender Northampton,"Northampton, UK"
2001-05-26,"Muse @ The Refectory, Leeds University","The Refectory, Leeds University","Leeds, UK"
2001-05-21,Cast @ The Cockpit,The Cockpit,"Leeds, UK"
2001-05-07,King Adora @ The Cockpit,The Cockpit,"Leeds, UK"
2001-05-01,"Ash @ Leeds Metropolitan University, Student Union","Leeds Metropolitan University, Student Union","Leeds, UK"
2001-04-10,Muse @ Corn Exchange,Corn Exchange,"Cambridge, UK"
2001-03-22,Gay Dad @ The Cockpit,The Cockpit,"Leeds, UK"
2001-03-18,The Rub @ The Cockpit,The Cockpit,"Leeds, UK"
2001-02-17,King Adora @ The Cockpit,The Cockpit,"Leeds, UK"
2001-02-10,My Vitriol @ The Cockpit,The Cockpit,"Leeds, UK"
2001-02-01,Mansun @ Astoria,Astoria,"London, UK"
2001-01-31,Mansun @ Roadmender Northampton,Roadmender Northampton,"Northampton, UK"
2000-12-16,Primal Scream @ Corn Exchange,Corn Exchange,"Cambridge, UK"
2000-11-03,Mansun @ De Montfort University,De Montfort University,"Leicester, UK"
2000-10-23,Four Day Hombre @ The Faversham,The Faversham,"Leeds, UK"
2000-08-25,Reading Festival 2000 @ Reading Festival 2000,Reading Festival 2000,"Reading, UK"
2000-08-13,Radio 1 One Big Sunday 2000 @ Radio 1 One Big Sunday 2000,Radio 1 One Big Sunday 2000,"Ipswich, UK"
2000-07-30,Mansun @ Corn Exchange,Corn Exchange,"Bury Saint Edmunds, UK"
2000-07-10,Beth Orton @ Cambridge Junction,Cambridge Junction,"Cambridge, UK"
2000-06-22,Kittie @ Astoria 2,Astoria 2,"London, UK"
2000-06-04,Strawberry Fair Festival 2000 @ Strawberry Fair Festival 2000,Strawberry Fair Festival 2000,"Cambridge, UK"
2000-05-06,Primal Scream @ O2 Shepherd's Bush Empire,O2 Shepherd's Bush Empire,"London, UK"
2000-05-01,Eminem @ O2 Academy Brixton,O2 Academy Brixton,"Brixton, UK"
2000-04-16,Gomez @ O2 Academy Brixton,O2 Academy Brixton,"Brixton, UK"
2000-03-27,Embrace @ Hanover Grand,Hanover Grand,"London, UK"
2000-03-18,Ocean Colour Scene @ Astoria,Astoria,"London, UK"
2000-02-22,The Bluetones @ Cambridge Junction,Cambridge Junction,"Cambridge, UK"
2000-01-28,Rage Against The Machine @ OVO Arena,OVO Arena,"London, UK"
2000-01-18,Bush @ Corn Exchange,Corn Exchange,"Cambridge, UK"
1999-12-07,Ian Brown @ O2 Academy Brixton,O2 Academy Brixton,"Brixton, UK"
1999-11-03,Super Furry Animals @ O2 Academy Brixton,O2 Academy Brixton,"Brixton, UK"
1999-10-31,Fear Factory @ O2 Academy Brixton,O2 Academy Brixton,"Brixton, UK"
1999-10-25,Feeder @ Cambridge Junction,Cambridge Junction,"Cambridge, UK"
1999-10-24,Atari Teenage Riot @ Cambridge Junction,Cambridge Junction,"Cambridge, UK"
1999-10-22,Beth Orton @ O2 Guildhall,O2 Guildhall,"Southampton, UK"
1999-10-15,Feeder @ O2 Academy Brixton,O2 Academy Brixton,"Brixton, UK"
1999-09-21,Idlewild @ Cambridge Junction,Cambridge Junction,"Cambridge, UK"
1999-09-03,Public Enemy @ O2 Forum Kentish Town,O2 Forum Kentish Town,"London, UK"
1999-05-02,Super Furry Animals @ Corn Exchange,Corn Exchange,"Cambridge, UK"
1999-04-24,Feeder @ Astoria,Astoria,"London, UK"
1999-03-14,Feeder @ Cambridge Junction,Cambridge Junction,"Cambridge, UK"
1999-02-03,Pitchshifter @ Cambridge Junction,Cambridge Junction,"Cambridge, UK"
1999-01-22,Mansun @ Astoria,Astoria,"London, UK"
1998-11-17,Reef @ Corn Exchange,Corn Exchange,"Cambridge, UK"
1998-10-25,Therapy? @ Cambridge Junction,Cambridge Junction,"Cambridge, UK"
1998-10-22,Mansun @ Corn Exchange,Corn Exchange,"Cambridge, UK"
1998-10-15,Ash @ Corn Exchange,Corn Exchange,"Cambridge, UK"
1998-09-10,Mansun @ Virgin Megastore - Marble Arch,Virgin Megastore - Marble Arch,"London, UK"
1998-07-03,Mansun @ Union Bar,Union Bar,"Maidstone, UK"
1998-03-22,Catatonia @ Corn Exchange,Corn Exchange,"Cambridge, UK"
1997-10-24,Super Furry Animals @ Cambridge Junction,Cambridge Junction,"Cambridge, UK"
1997-10-02,Mansun @ Cambridge Junction,Cambridge Junction,"Cambridge, UK"
2025-11-29,Leftfield @ Drumsheds,Drumsheds,"London, UK"
2026-03-16,David Byrne @ Eventim Apollo,Eventim Apollo,"London, UK"
2026-04-29,Mammal Hands @ Barbican Centre,Barbican Centre,"London, UK"
2026-07-03,Metallica @ London Stadium,London Stadium,"London, UK"
2026-07-05,Metallica @ London Stadium,London Stadium,"London, UK"
